rssd,cert,name,city,state,total_assets_k,total_loans_k,total_equity_k,credit_card_loans_k,other_revolving_k,unused_card_lines_k,unused_revolving_k,card_exposure_k,card_share_of_loans,utilisation,allowance_k,cet1_k,tier1_k,rwa_k,cet1_ratio,tier1_rbc_ratio_pct,leverage_ratio_pct,net_income_ytd_k,card_net_chargeoffs_ytd_k
1391778,27499,COMENITY BANK,WILMINGTON,DE,7760444.0,6756180.0,1050341.0,6756180.0,0.0,37768445.0,0.0,44524625.0,1.0,0.15174030101320338,770008.0,1054628.0,1054628.0,6979457.0,0.1511045916609272,,,375496.0,462374.0
2992547,35237,"JOHN DEERE FINANCIAL, F.S.B.",MIDDLETON,WI,3397348.0,3372601.0,821810.0,538717.0,0.0,33495476.0,0.0,34034193.0,0.15973339271381345,0.015828699096817132,8214.0,821810.0,821810.0,,,,,154355.0,15155.0
2122997,33855,CREDIT FIRST NATIONAL ASSOCIATION,BROOK PARK,OH,38846.0,0.0,37417.0,0.0,0.0,11435050.0,0.0,11435050.0,,,0.0,37417.0,37417.0,9652.0,3.8766058847907168,,,11348.0,0.0
2615190,34519,MERRICK BANK,SOUTH JORDAN,UT,9251625.0,8915993.0,1878028.0,6289466.0,0.0,4425411.0,0.0,10714877.0,0.70541396791137,0.5869844329524267,1367240.0,1808046.0,1808046.0,8997793.0,0.20094327575662166,,,99658.0,750851.0
639567,25620,"CREDIT ONE BANK, NATIONAL ASSOCIATION",LAS VEGAS,NV,1966557.0,1710913.0,553548.0,1710913.0,0.0,8111296.0,0.0,9822209.0,1.0,0.17418820959725048,248739.0,545692.0,545692.0,,,,,514241.0,175345.0
2700984,34697,WEX BANK,SANDY,UT,8449841.0,3008168.0,766567.0,0.0,0.0,8866340.0,0.0,8866340.0,,,48778.0,764306.0,764306.0,5101011.0,0.14983421913812772,,,378235.0,0.0
77851,3973,FIRST BANK & TRUST,BROOKINGS,SD,4697206.0,3480723.0,528711.0,77763.0,923.0,8474177.0,64488.0,8551940.0,0.022341048109832354,0.009093024506720112,43175.0,484925.0,484925.0,,,,,48108.0,267.0
3783948,26342,"RBC BANK (GEORGIA), NATIONAL ASSOCIATION",ATLANTA,GA,8044396.0,3149532.0,881476.0,263652.0,14970.0,3153630.0,232192.0,3417282.0,0.08371148475392534,0.07715254403938569,23344.0,871685.0,871685.0,2120229.0,0.41112776025608555,,,178328.0,10931.0
2687487,34535,"TCM BANK, NATIONAL ASSOCIATION",TAMPA,FL,395143.0,315877.0,76617.0,202195.0,0.0,2298615.0,0.0,2500810.0,0.640106750412344,0.08085180401549898,11225.0,72807.0,72807.0,348111.0,0.2091488059842981,,,-3167.0,6589.0
278555,4091,"STRIDE BANK, NATIONAL ASSOCIATION",ENID,OK,4855805.0,4136107.0,357690.0,2197556.0,20620.0,0.0,0.0,2197556.0,0.5313102393144085,1.0,20974.0,357576.0,357576.0,2036275.0,0.17560300057703404,,,87530.0,0.0
526452,1673,1ST FINANCIAL BANK USA,DAKOTA DUNES,SD,1352658.0,964454.0,225781.0,361070.0,35.0,1655048.0,0.0,2016118.0,0.37437762713410905,0.17909169998978233,17144.0,225349.0,225349.0,1073055.0,0.21000694279417179,,,15826.0,21942.0
2562164,34403,COASTAL COMMUNITY BANK,EVERETT,WA,4737899.0,3820747.0,493126.0,684223.0,14474.0,843354.0,682276.0,1527577.0,0.17908094935362118,0.44791391857824514,169530.0,488585.0,488585.0,3908569.0,0.12500354989255658,,,49219.0,101178.0
330855,1617,"BANK OF MISSOURI, THE",PERRYVILLE,MO,3035331.0,2157196.0,346932.0,19152.0,3994.0,1355173.0,77785.0,1374325.0,0.008878191875008112,0.013935568369927055,20820.0,320416.0,320416.0,2381892.0,0.1345216323829964,,,50519.0,48.0
529958,23647,"TIB, NATIONAL ASSOCIATION",FARMERS BRANCH,TX,2972669.0,1794438.0,417156.0,70332.0,0.0,887672.0,15320.0,958004.0,0.03919444416580567,0.07341514231673354,25194.0,415898.0,415898.0,2106553.0,0.19743058921375348,,,41641.0,1936.0
2858960,35444,"BANCORP BANK NATIONAL ASSOCIATION, THE",SIOUX FALLS,SD,9349048.0,7256065.0,870023.0,729101.0,1773400.0,227979.0,650.0,957080.0,0.10048159711909968,0.7617973419149914,66200.0,858328.0,858328.0,6119755.0,0.14025528799764042,,,252159.0,713.0
893855,8283,LEAD BANK,KANSAS CITY,MO,2610128.0,1071660.0,225602.0,326374.0,11499.0,384849.0,2605.0,711223.0,0.30454995054401585,0.4588912338324267,11440.0,179534.0,179534.0,762261.0,0.23552825082222492,,,25867.0,7089.0
2819167,35157,FARM BUREAU BANK FSB,RENO,NV,1090919.0,779859.0,102796.0,116605.0,0.0,416463.0,15870.0,533068.0,0.14952061847077486,0.2187431997418716,11955.0,108173.0,108173.0,871079.0,0.1241827664310585,,,583.0,3695.0
466240,16849,FIRST ARKANSAS BANK AND TRUST,JACKSONVILLE,AR,1166855.0,770928.0,102983.0,38770.0,122.0,465958.0,19805.0,504728.0,0.05029004005562128,0.07681365012442345,9112.0,120200.0,120200.0,,,,,10448.0,1185.0
3482111,58619,MRV BANKS,SAINTE GENEVIEVE,MO,857961.0,650771.0,85333.0,951.0,0.0,432805.0,3974.0,433756.0,0.0014613435448106939,0.002192476876400557,23866.0,85557.0,85557.0,,,,,-4841.0,0.0
2502825,34331,DSRM NATIONAL BANK,ALBUQUERQUE,NM,4457.0,0.0,3678.0,0.0,0.0,368184.0,0.0,368184.0,,,0.0,3678.0,3678.0,2444.0,1.504909983633388,,,104.0,0.0
2880019,35323,FINWISE BANK,MURRAY,UT,967454.0,734603.0,157551.0,59078.0,1.0,305313.0,2566.0,364391.0,0.08042166993600625,0.16212804377715145,36796.0,153218.0,153218.0,,,,,17509.0,0.0
355858,14712,FIRST NATIONAL BANK,FORT PIERRE,SD,2073342.0,1524390.0,454013.0,196569.0,92.0,156892.0,4377.0,353461.0,0.12894928463188554,0.5561264184733252,80811.0,374540.0,412590.0,1617949.0,0.23149060940734226,,,41311.0,55325.0
67656,32629,FIRST SAVINGS BANK,BERESFORD,SD,1541563.0,1170837.0,289675.0,175727.0,90.0,134000.0,4390.0,309727.0,0.15008664741548142,0.5673609339837986,68368.0,266886.0,289725.0,1173841.0,0.22736128657969862,,,35925.0,50589.0
2808602,35278,"CAPITAL BANK, NATIONAL ASSOCIATION",ROCKVILLE,MD,3547608.0,2941578.0,334760.0,137905.0,0.0,138632.0,55501.0,276537.0,0.046881299764956086,0.4986855285187877,53982.0,316082.0,316082.0,2787983.0,0.11337300119835737,,,50211.0,6961.0
2576134,34404,WEBBANK,SALT LAKE CITY,UT,2940956.0,2147644.0,442934.0,91334.0,0.0,158911.0,0.0,250245.0,0.04252753249607477,0.3649783212451797,21329.0,438556.0,438556.0,2628510.0,0.16684585563684368,,,104283.0,0.0
1218446,27351,BANKERS' BANK OF KANSAS,WICHITA,KS,214160.0,154405.0,36442.0,25580.0,0.0,198903.0,0.0,224483.0,0.16566821022635278,0.11395072232641225,2845.0,36460.0,36460.0,180415.0,0.20208962669401104,,,1255.0,844.0
2608754,34598,MERCANTILE BANK,GRAND RAPIDS,MI,6241994.0,4635332.0,725795.0,1194.0,1143.0,204783.0,103113.0,205977.0,0.0002575867273368984,0.005796763716337261,55793.0,717619.0,717619.0,5619370.0,0.12770452915540353,,,98707.0,5.0
110936,26725,BANCO DO BRASIL AMERICAS,MIAMI,FL,3205995.0,1991658.0,353783.0,16356.0,0.0,165491.0,189.0,181847.0,0.008212253308549963,0.08994374391658921,26939.0,351317.0,351317.0,1489127.0,0.23592144927867134,,,50359.0,134.0
2941068,57038,NICOLET NATIONAL BANK,GREEN BAY,WI,9170369.0,6849965.0,1190618.0,14929.0,4611.0,143120.0,324520.0,158049.0,0.002179427194153547,0.0944580478206126,68806.0,835920.0,835920.0,7491237.0,0.11158637752349845,,,149015.0,243.0
37640,17393,GERMAN AMERICAN BANK,JASPER,IN,8376930.0,5882914.0,1119548.0,13916.0,6108.0,126498.0,631191.0,140414.0,0.002365494379146117,0.09910692665973478,77694.0,884561.0,884561.0,6851110.0,0.1291120708907024,,,121555.0,604.0
592448,1299,EVOLVE BANK & TRUST,WEST MEMPHIS,AR,1286556.0,888691.0,162355.0,56621.0,286.0,82147.0,20634.0,138768.0,0.0637128090641179,0.408026346131673,13852.0,158346.0,158346.0,892916.0,0.17733583002208494,,,-3020.0,0.0
2568063,34415,FIRST COMMAND BANK,FORT WORTH,TX,1076009.0,500482.0,93702.0,21981.0,11429.0,109685.0,0.0,131666.0,0.0439196614463657,0.16694514908936248,5786.0,93765.0,93765.0,589482.0,0.1590633810701599,,,22166.0,303.0
3636446,58626,GBANK,LAS VEGAS,NV,1355585.0,1005278.0,178715.0,11289.0,69.0,116585.0,3652.0,127874.0,0.011229729487763584,0.08828221530569154,9890.0,178732.0,178732.0,,,,,24792.0,379.0
450856,13421,UNION BANK AND TRUST COMPANY,LINCOLN,NE,9093084.0,6854945.0,955606.0,18226.0,835.0,104558.0,111612.0,122784.0,0.002658810537502489,0.14843953609590826,108721.0,945051.0,945351.0,7639417.0,0.12370721483066051,,,141821.0,392.0
779351,8866,"MERCHANTS BANK, NATIONAL ASSOCIATION",WINONA,MN,2898711.0,2051191.0,335617.0,18865.0,1342.0,100569.0,104012.0,119434.0,0.009197095736086985,0.15795334661821592,25996.0,315202.0,315202.0,2443229.0,0.12901042022667544,,,34690.0,229.0
474759,4767,"SUNFLOWER BANK, NATIONAL ASSOCIATION",DALLAS,TX,8473383.0,6773719.0,1111067.0,4286.0,10083.0,111354.0,25515.0,115640.0,0.0006327395630081495,0.03706329989622968,85016.0,1034444.0,1034444.0,7538323.0,0.13722468511895816,,,107112.0,145.0
773247,1040,MIDLAND STATES BANK,EFFINGHAM,IL,6502519.0,4359785.0,610247.0,0.0,1038.0,115596.0,75539.0,115596.0,,,69219.0,655751.0,655751.0,5026125.0,0.1304685020766495,,,-114457.0,0.0
58243,20296,JOHNSON BANK,RACINE,WI,7187696.0,5275069.0,863340.0,18139.0,61840.0,91313.0,721124.0,109452.0,0.0034386280065720467,0.1657256148814092,76743.0,856461.0,856461.0,5476737.0,0.15638161920136023,,,74892.0,305.0
100562,21943,TRI COUNTIES BANK,CHICO,CA,9820725.0,7113782.0,1362147.0,0.0,587.0,108826.0,596900.0,108826.0,,,125762.0,1145890.0,1145890.0,8349601.0,0.13723889321178342,,,124394.0,0.0
944355,25894,FIRST NATIONAL BANK,OLDHAM,SD,462466.0,358397.0,70728.0,63134.0,29.0,44279.0,462.0,107413.0,0.1761566084537538,0.5877687058363513,24637.0,64751.0,74029.0,381293.0,0.1698195351081714,,,9485.0,20532.0
408642,23537,BANKERS' BANK,MADISON,WI,1420052.0,1108074.0,188638.0,13542.0,0.0,87284.0,0.0,100826.0,0.01222120544295778,0.1343105944895166,14129.0,199558.0,199558.0,1272345.0,0.15684268024788875,,,11534.0,264.0
317342,258,STOCK YARDS BANK & TRUST COMPANY,LOUISVILLE,KY,9533246.0,7047557.0,1074255.0,3569.0,77663.0,90673.0,429070.0,94242.0,0.0005064166206814645,0.03787058848496424,91867.0,931912.0,931912.0,7882089.0,0.11823160078502032,,,144390.0,242.0
399517,13876,CNB BANK,CLEARFIELD,PA,8372231.0,6486290.0,932937.0,13276.0,48953.0,80373.0,404784.0,93649.0,0.002046778667003788,0.14176339309549488,64887.0,849781.0,857160.0,6370809.0,0.1333866703585055,,,73449.0,455.0
731247,14650,HILLS BANK AND TRUST COMPANY,HILLS,IA,4646755.0,3573070.0,602537.0,12176.0,0.0,80910.0,93895.0,93086.0,0.0034077138147307496,0.13080377285520917,58204.0,601341.0,601341.0,,,,,61441.0,245.0
577128,6544,PEOPLES BANK,MARIETTA,OH,9637101.0,6759576.0,1184257.0,6299.0,898.0,86635.0,272977.0,92934.0,0.0009318631819510573,0.06777928422321217,75676.0,870013.0,870013.0,7263855.0,0.11977290295579963,,,120457.0,381.0
673440,5633,FIRST SECURITY BANK,SEARCY,AR,8360743.0,4500545.0,1189776.0,11975.0,2918.0,79144.0,107076.0,91119.0,0.0026607888600158427,0.13142154764648425,111715.0,1347998.0,1347998.0,6488503.0,0.20775177263538291,,,148348.0,81.0
236153,10248,FIRST INTERNATIONAL BANK AND TRUST,WATFORD CITY,ND,6161111.0,4729502.0,510926.0,15472.0,999.0,75421.0,125313.0,90893.0,0.003271380369434245,0.1702221293168891,51764.0,542421.0,542421.0,4942642.0,0.1097431292818699,,,95774.0,147.0
256553,17437,DACOTAH BANK,ABERDEEN,SD,4835143.0,3967609.0,462083.0,13194.0,2450.0,72868.0,35312.0,86062.0,0.0033254284885430997,0.15330808022123585,43897.0,472801.0,472801.0,4224930.0,0.1119074162175468,,,47064.0,26.0
114260,16130,FIRST NATIONAL BANK ALASKA,ANCHORAGE,AK,5099945.0,2718111.0,569246.0,1690.0,7730.0,80447.0,57972.0,82137.0,0.0006217553293445337,0.020575380157541668,21450.0,593748.0,593748.0,3239975.0,0.18325696957538254,,,77539.0,104.0
353555,14531,AMARILLO NATIONAL BANK,AMARILLO,TX,9551998.0,7093817.0,1077040.0,9942.0,945.0,66408.0,64334.0,76350.0,0.0014015021814067095,0.13021611001964636,91320.0,1042780.0,1042780.0,8267195.0,0.12613468050529836,,,172653.0,376.0
